trial,state,value,param_gamma,param_mu,param_nu,param_rho,param_delta,param_lambda_,param_p_h,attr_train_total_revenue,attr_train_avg_revenue,attr_valid_total_revenue,attr_valid_avg_revenue,attr_pacing_term
0,COMPLETE,51.91168801066206,0.19003712932599,0.0198973389412471,1.99400362001601,0.418331944593489,0.636301389842897,1.9534446234665,0.416210088303199,176462.61933770915,52.285220544506416,43813.46468099878,51.91168801066206,1.174113975599305
1,COMPLETE,51.957723448997854,0.07909057552815364,2.704285838459497,4.391963650868431,0.5919509051822196,0.9361118426546191,0.9359671220172159,-0.8838327756636011,176654.36998713738,52.34203555174441,43852.318590954186,51.957723448997854,0.4768143884162177
2,COMPLETE,51.54808570269088,1.1940937755736196,0.606690070459253,4.248435466776273,-2.8764930342251853,5.819459112971966,4.99465584480253,-0.5753217786434477,171515.2470369941,50.81933245540566,43506.5843330711,51.54808570269088,2.6549090887059212
3,COMPLETE,25.39175240132432,0.027290114852919024,-1.899572940879397,1.8254534577572263,0.14853858979342682,2.591670111852695,1.7473748411882515,0.22370578944475894,92195.31345634897,27.31712991299229,21430.639026717727,25.39175240132432,1.0332289424927497
4,COMPLETE,40.56923682982994,0.021602196360258456,-1.247132108788691,2.19817105976215,-0.26358009469778443,4.711055768358081,1.1980426929501584,0.02846887682722321,138672.76789658287,41.08822752491344,34240.43588437647,40.56923682982994,0.9924961707499409
5,COMPLETE,64.64991430917374,0.2633750289748526,-2.721297523680014,3.64526911140863,-1.9768552578762508,0.3903095579116771,5.69331322352,0.9312640661491187,214133.5747852987,63.44698512156999,54564.527676942635,64.64991430917374,-0.8409742656381021
6,COMPLETE,20.488074863534543,0.8679372823759549,-1.1723173849597759,0.5860326840383032,1.1053981590729416,2.640914962437608,0.732229409068673,-0.00964617977745963,71744.54100902729,21.25764178045253,17291.935184823153,20.488074863534543,0.9893371306319095
7,COMPLETE,82.9386829913205,0.012090983002033094,2.4559224124726926,1.5526798896001015,0.9751337061238918,1.8702664565364657,3.120408127066865,0.0934205586865593,282437.16646393674,83.68508635968496,70000.24844467451,82.9386829913205,1.091097535620189
8,COMPLETE,51.18235887416434,0.02775044135278824,2.817507766587351,4.650796940166687,2.6369936493851345,5.368964102565893,3.587399872866511,0.8437484700462337,173598.06945976417,51.43646502511531,43197.91088979471,51.18235887416434,3.2249593571903414
9,COMPLETE,24.514896542976988,0.016300454397926562,-1.8241028254851288,0.2713637334632284,-1.048018015420414,2.332063738136892,1.6280941906433755,0.6574750183038587,83355.11967205816,24.69781323616538,20690.572682272577,24.514896542976988,0.3109543361286897
10,COMPLETE,80.59074864676924,0.07169239274997505,-1.3143929418757154,3.2561764989494906,-2.154454650151424,4.813181884524238,0.44730386207862494,0.9737738732010346,267230.8015202466,79.17949674673973,68018.59185787324,80.59074864676924,-1.097951649313932
11,COMPLETE,20.25758279663615,0.7108805448907866,-1.8077059107949656,0.033132702741614395,1.8927685707290047,4.241144063085702,4.374043008245923,0.5425406933718915,69834.1492594266,20.691599780570844,17097.39988036091,20.25758279663615,2.0269039727558384
12,COMPLETE,80.52705154898449,0.015050628388629531,-0.8492056287343646,0.6952143571507783,2.178620555253561,3.7397887609653475,1.9853881491158951,-0.8728832994279527,268835.7746793191,79.65504434942788,67964.83150734291,80.52705154898449,-0.9016814984712866
13,COMPLETE,45.80574597934302,0.05568227248453366,-1.0489000678395177,4.377637070028385,0.8253448281312785,5.323276455457959,2.8332895509716955,-0.7608115081233966,155740.5717853312,46.1453546030611,38660.04960656551,45.80574597934302,0.3720681565875964
14,COMPLETE,94.77202400344052,0.5132372995886693,1.5647102917013846,3.367663185416977,1.6258030797273655,2.9627735781863445,3.136396976291964,-0.14491796328290074,319726.9862388034,94.73392184853435,79987.5882589038,94.77202400344052,0.7643919289868427
15,PRUNED,19.14624000052044,0.01150677287749471,-2.3526514380401733,0.1885751141204055,0.8184624675826822,1.88613588645796,3.0514241469882166,0.815132947852186,,,,,
16,PRUNED,37.31247280330569,0.03960844659488518,-0.5377024617862216,4.533306831258292,-1.6272110070502652,0.46187945897275795,1.7385087174826082,-0.6775574254919912,,,,,
17,PRUNED,43.154181947496916,1.695739733970167,1.8487222773865017,3.8004225390625406,2.2287635411263063,4.822032461394687,1.119420353316215,0.7851179969799555,,,,,
18,PRUNED,41.234992775577126,0.1964763765737602,1.844640930984375,5.376547799540959,-1.0919791501688167,0.6603115471660606,1.36761097525165,-0.14578442274748737,,,,,
19,COMPLETE,94.97195477807162,0.9152723335339162,2.1643834995380606,0.04171278318714422,0.06448381546539439,2.504466018892674,1.3326468628243815,-0.7602692653326344,323773.51415042207,95.93289308160654,80156.32983269244,94.97195477807162,0.9509749369902795
20,COMPLETE,97.76345918240946,0.06450315047461481,2.657458223475115,1.9392175921245314,0.11274373046019637,4.2181137533710675,2.181777614275764,0.9435641654419213,329747.2774839143,97.7028970322709,82512.35954995359,97.76345918240946,1.1063809439404841
21,PRUNED,35.11347056990097,2.031846404529127,-1.489306225047815,2.9834910353543127,-1.194730141099382,1.7090429662648057,0.22132168412719677,0.2191286679597937,,,,,
22,PRUNED,15.059019459818023,0.1604701066756941,-2.6911274925000637,1.6718787854196686,2.4495953157999217,1.4373713440018345,0.8693692325473386,-0.02109447944487397,,,,,
23,PRUNED,36.30630261039038,2.309567494202783,-1.5476683709309975,4.032813284435271,1.569717691972306,1.425825263954398,4.3692980916711575,-0.26443373456149355,,,,,
24,COMPLETE,53.467628020502154,0.32827019179386574,0.801178264565368,3.2146481044485506,-2.45826137967355,5.011814973535428,1.924680389830415,-0.6269629792002915,180019.47638666615,53.339104114567746,45126.67804930382,53.467628020502154,2.5412388782531483
25,COMPLETE,90.23773856000405,0.012524959876703306,0.5453576591294507,4.065386171053694,-2.900473026432863,3.0725583497956857,1.3589746511876277,0.2903455808188997,309446.6549564282,91.68789776486761,76160.65134464341,90.23773856000405,0.15786047449079854
26,PRUNED,15.655736558181564,0.026189079637048262,1.1456264286147952,2.3204120778032244,2.6203799324204073,0.8251256648759595,2.046398106301551,-0.7730529575188219,,,,,
27,COMPLETE,95.21087938633175,1.6495284980756062,2.264036120285886,1.5476497662909336,0.9599042762050742,4.903333201207295,3.3312048695967738,0.05930115671201297,321837.1931030467,95.35916832682865,80357.982202064,95.21087938633175,1.0569234339117686
28,PRUNED,42.3775833662269,0.03801432510349293,-2.441383393164605,5.38329454771996,2.402508342979983,3.7986087436396074,2.034178746292204,-0.3015808507746782,,,,,
29,PRUNED,21.21871691025081,0.5505517746548846,2.382661559715462,5.322518545590704,1.6792532751457436,3.852189876925727,0.504839789970293,-0.6767425718107725,,,,,
30,PRUNED,49.674455473072754,1.8157422820847053,2.109313918496574,0.69044123218473,-0.8261570722112108,0.6775647143167411,0.3121523583614927,-0.7837043395305793,,,,,
31,COMPLETE,96.63138657674294,1.1955694113465827,2.217173047047816,1.925648786873021,0.43670835224951976,4.70937742878163,4.1892031518298545,0.42998192061933865,325497.23110596836,96.44362403139803,81556.89027077104,96.63138657674294,1.1877766960507552
32,COMPLETE,96.80022645797298,0.05570978440714002,2.491611880049933,3.007369295542129,-0.16550965852068145,3.7666327986715973,0.7758356134384345,0.75174193354415,325936.99782548245,96.57392528162443,81699.3911305292,96.80022645797298,0.8755794492834309
33,COMPLETE,98.28429747831031,0.07210334168410013,2.8782854006897183,1.3211061330263534,0.43236907450130674,4.483376617130254,1.8269342563961968,0.8310966845975223,332057.496837746,98.38740647044327,82951.9470716939,98.28429747831031,1.359340504340535
34,COMPLETE,97.01250756018256,0.04923727394436403,2.002023412446183,1.885702088667271,0.8305025524507437,4.873411055579688,0.6040091191790422,0.8508384435597918,326344.4114797376,96.69464043844077,81878.55638079408,97.01250756018256,1.7066234990996252
35,COMPLETE,96.74764123477836,0.03557050281644936,2.607029195478901,2.804996137449836,-0.23125407071723897,4.756696870360206,1.4516803369220528,0.9974320594168624,327300.8149538972,96.97801924559917,81655.00920215293,96.74764123477836,0.7693397759959716
36,COMPLETE,97.63472431724915,0.04680276239047588,1.952776368087019,0.11126148010202619,1.399787813466347,3.2115809818885044,0.7312729967161237,0.8793550193246746,330872.5863243303,98.03632187387565,82403.70732375828,97.63472431724915,2.2309104397611437
37,COMPLETE,95.66927374223555,0.017920768975829594,2.0930194415808843,0.008317442016110801,1.5878661308502258,2.026772269132586,0.07445695692912513,0.7322051849350918,324736.010611249,96.21807721814785,80744.8670384468,95.66927374223555,2.162643813991358
38,COMPLETE,98.26000026854503,0.04249182803566475,1.5018989214316578,0.9409875219717337,1.6112191547070756,4.177435124624947,1.131051942882174,0.39319775993810985,332419.56724670395,98.49468659161599,82931.440226652,98.26000026854503,1.633527762400197
39,COMPLETE,92.94188033969583,0.01928119364873645,2.6229077413669595,0.47894168282606564,0.9841893989061071,4.750719589735228,0.2887714722040374,-0.44140893965226174,315914.7317729497,93.60436496976287,78442.94700670328,92.94188033969583,0.5655700010118584
40,COMPLETE,97.81508623794892,0.18624158243947228,2.5055513594487113,0.46242596837497896,2.250504735120562,3.3226478267593507,2.2963213606520094,0.5041196423987753,329737.95713304717,97.7001354468288,82555.93278482888,97.81508623794892,2.1345236422857283
41,PRUNED,73.698187627988,0.2866239476940546,2.6797668516546325,1.5912927642992638,1.9032883355458023,3.242572765258636,2.766773395845218,0.5573148661944284,,,,,
42,COMPLETE,91.00204254620105,0.22503295625985562,2.4646352905901066,1.497480656264272,-1.047789685297362,4.421977290462804,3.152501916310214,0.7771312064390032,306239.81518274103,90.73772301710845,76805.72390899369,91.00204254620105,0.1857299377705175
43,PRUNED,66.39107072920267,0.0753777657759686,-0.1271259768854487,0.4520244644416723,2.3438830235946386,3.0446151771634113,1.6055522042092183,0.7052214064277869,,,,,
44,COMPLETE,97.26610478565311,0.22408916092041706,1.9577494575027865,0.017375718548372,1.9753853762518254,4.111645191570714,0.8973041279927894,0.8607226618602876,330346.9893582509,97.88058943948175,82092.59243909123,97.26610478565311,2.700258959247357
45,PRUNED,96.87717498854491,0.05145207266198239,0.6875471689775021,0.09661231568727786,-0.8724435185764476,4.137194243440187,0.8076493431159542,0.3747774778228713,,,,,
46,COMPLETE,97.41652380354597,0.08322987255918256,1.4415505600897778,1.0484560602839654,1.9543214349471427,4.679604738753152,1.1842149745946646,0.14429584443883353,329729.25266387564,97.69755634485205,82219.5460901928,97.41652380354597,1.2820004617606109
47,COMPLETE,96.72985221326002,0.3129446814366524,2.6203177226867975,0.0641284660066444,2.4571935428415217,4.636087413908023,3.681751786524478,0.24104378222446454,326815.6377809969,96.83426304622131,81639.99526799146,96.72985221326002,1.5922912252240522
48,COMPLETE,97.88836738000164,0.08656785875085905,2.390746518679841,0.3210005445132875,1.2144652885775156,2.4892777222608897,1.9007261477190518,0.019613846748574082,331801.15448428417,98.31145318052864,82617.78206872138,97.88836738000164,1.0238203360516223
49,COMPLETE,99.42542864874852,0.11468369544939408,1.8182539640648097,0.5627955252615593,0.7753227153036086,1.5410895563662006,1.620422743819062,0.04720659167341895,333988.0705136806,98.9594283003498,83915.06177954376,99.42542864874852,1.0366003428364639
50,COMPLETE,97.35351096550082,0.21221751265493655,1.7978247342782927,0.06758031853052049,0.5113359119633795,1.5730623826941472,2.8180560459578223,-0.2567815654469659,330229.27771885565,97.84571191669797,82166.36325488269,97.35351096550082,0.8686983640567915
51,COMPLETE,97.98357342149168,0.016124977649528992,2.6955750669486602,0.5983937686836716,-0.9971271131147286,1.8545750002313186,1.1800992126940149,0.046533840973733094,331130.863128156,98.11284833426845,82698.13596773898,97.98357342149168,0.9535998454877217
52,PRUNED,54.16566090358147,0.02448038549434079,1.363378250724197,0.8639681132483361,-1.4863999065039446,0.9714540479322482,1.0526739609229545,-0.5398140377834504,,,,,
53,PRUNED,90.7361370479493,0.1046343904913065,2.8165526836942196,0.03355557599251063,0.5535181622251302,0.957259653352599,0.08424252289429157,-0.14611218192553121,,,,,
54,PRUNED,27.355924580998945,0.03431180207419113,2.992969929446293,0.22861261670585437,-1.3990608919600898,2.545039531269875,1.3853901830058628,0.8328096005782752,,,,,
55,COMPLETE,98.60060989304831,0.06023858614630294,1.9999586962400553,0.4150348755951454,1.6885568692051762,2.506744773670946,2.4516944816298842,0.36266094074338084,333489.6325834702,98.81174298769487,83218.91474973278,98.60060989304831,1.6123736226846472
56,COMPLETE,97.42480781795278,0.029176557537569297,1.614848130474376,0.10083500981488674,1.3859135592612315,1.8632825164836062,4.407271185273026,0.47453693138137404,331992.9356397682,98.36827722659798,82226.53779835215,97.42480781795278,1.6576671675716628
57,COMPLETE,98.0110906591909,0.023496326345160145,1.448275081270591,0.9171571098673803,-0.882260070342864,3.5264555531545296,1.1524352482755769,-0.17326503442789828,331613.2107086625,98.2557661359,82721.36051635712,98.0110906591909,1.1528648214623163
58,PRUNED,93.62763289971535,0.014011160633148443,0.3754396998537297,0.29491242683919605,-1.4842711312425845,3.494270615864373,2.034264098898454,-0.1463325862006508,,,,,
59,COMPLETE,96.28419020777537,0.01093191586928483,2.857017285436597,2.635804882298339,-1.4529405551791048,2.8870434781749603,1.5206356906204637,0.2067150389150328,325105.0025964576,96.32740817672818,81263.85653536241,96.28419020777537,0.6996553365949221
60,COMPLETE,96.0522070062729,0.02894749642841049,0.6543879848745389,1.344534477998293,-1.4321144853336327,4.345506965125112,0.06772566806528668,-0.6267527192753816,327188.90999155043,96.94486221971864,81068.06271329432,96.0522070062729,1.897581647996518
61,COMPLETE,97.52974872886867,0.03521162395123762,2.1094810157914514,0.5157804296735575,1.9635985828297797,2.869519334174642,2.5114000041976983,-0.10710047802705974,330628.91690461186,97.9641235272924,82315.10792716515,97.52974872886867,0.7896976531256735
62,PRUNED,45.16376067365116,0.08094994282407952,2.494563113502581,1.0696763761025228,0.7801136236623949,0.6919073129902716,2.061096465555299,0.3379400590797951,,,,,
63,PRUNED,83.20103355899417,0.21460873061315366,1.0971340519876716,1.6752428602985736,1.7512654784248687,1.6289510809129641,1.4134016286054278,-0.017085814943639602,,,,,
64,COMPLETE,96.80897694522945,0.018590263490487993,2.695636043653892,0.1841062040447588,-0.10231091966361816,2.593375625650434,1.0340817593899585,-0.32751298504409326,329689.19214570307,97.68568656168979,81706.77654177365,96.80897694522945,1.033508154701638
65,PRUNED,95.98434370523564,0.0458141102305719,2.6254060890698945,0.060816911615502955,-0.21540176544860046,5.990119834958147,1.8852954276645506,0.6106554621644494,,,,,
66,PRUNED,91.19979108218618,0.01637289005263964,2.9782077318561333,1.5032922087629734,1.6394765910544364,4.058163314942549,2.585873423903364,0.4480487244550952,,,,,
67,COMPLETE,98.0640837605698,0.037445573895043965,2.150408873927135,1.257503408076805,-0.05141402293260455,4.443587767526339,2.6327527472543144,-0.1845843361669945,330748.0043045981,97.99940868284388,82766.08669392091,98.0640837605698,1.0094902232926894
68,COMPLETE,96.62678792719366,0.20014102725533459,1.1039706489270764,2.2360606684512936,0.07342981436717405,3.423598239018025,2.4393169657866443,-0.7541354988546773,326847.1589249905,96.84360264444163,81553.00901055145,96.62678792719366,0.9446239703114049
69,PRUNED,93.85386989504535,0.049958811390161714,1.1245687083538767,0.8010454662753655,0.7158912123128648,5.087703972989829,4.04445969400377,-0.696334220877189,,,,,
70,PRUNED,99.06111079647697,0.015893459202925654,2.514851835183414,0.36348309026925385,-1.7722378212351357,5.70422022436085,4.237254548740918,-0.08514367122253577,,,,,
71,PRUNED,92.33311363466693,0.013577859599100848,2.972032919430688,0.23784290348611165,-2.525344470273253,1.277590592254615,1.614263166711606,0.009812687595400382,,,,,
72,COMPLETE,98.5609366748951,0.12325496150628712,2.08349378745182,0.7322218901748697,-0.2507579322308704,2.8792343957700295,1.3844804468851206,0.052120716543549356,332629.66687589523,98.55693833359858,83185.43055361147,98.5609366748951,0.9869303168931483
73,COMPLETE,97.98706655791715,0.07260005177567634,2.4377083949586535,0.3621366161401539,-2.0230861955299986,3.5277962665397196,2.772860448108945,-0.22127556304608198,332002.9501170266,98.37124447911899,82701.08417488207,97.98706655791715,1.4476595370066563
74,PRUNED,95.77538264179731,0.10502931333870094,2.6678660902566427,0.36212969973631903,-2.410815069563619,3.554381633534087,2.323464330921655,-0.43751949668593215,,,,,
75,PRUNED,103.41457329114772,0.028652949061925587,0.5147155302560582,1.1903266220972215,0.47779204942542375,2.659929336925805,2.277536671995837,0.3285497837030397,,,,,
76,COMPLETE,98.1092306179212,0.12188460696827172,1.6205952259542555,1.3698739802599813,-1.8389372319189035,2.499603417135642,2.3851567449425164,0.12470986410527662,330914.7520433919,98.04881542026428,82804.19064152549,98.1092306179212,0.77066638770926
77,COMPLETE,97.59419938162101,0.0583752301308931,2.0686498737010766,1.0176182402677756,-0.0718477165812069,4.512000810391418,2.021525657104878,-0.226485187318937,329903.69175080716,97.74924200023916,82369.50427808813,97.59419938162101,1.0162724435483326
78,PRUNED,100.81747944243293,0.28499037296621593,1.1499094279056021,1.430513836474988,-0.16142931027646096,3.2179267289285205,1.1404556729276447,-0.05284661917039557,,,,,
79,PRUNED,44.23419859635746,0.35711320105543926,1.4269025777674358,3.089230878058981,-2.032507060995668,1.6410380649840994,3.0183057735597973,-0.4153102474289938,,,,,
80,PRUNED,48.67926969745587,0.12780706012366497,2.0211608005552275,2.341681664549433,-0.934130843224064,1.5247691133508396,2.4134184381521644,-0.00826229245832713,,,,,
81,PRUNED,92.40179453439463,0.07742541940773816,0.45456530314468946,0.005292762113792149,-1.5993604599162228,2.8451024722117366,3.215583543280688,0.008780174185527428,,,,,
82,PRUNED,103.5077450285972,0.34927044716932804,1.7223524891554476,1.9640452067807508,-2.176375710877171,3.2067553881615583,2.2660723358755877,0.20650856470066298,,,,,
83,COMPLETE,97.81566019251879,0.14683238677130797,2.3224334720007946,0.8491685832611704,-2.7292870437325796,2.080337773109595,1.0733676848349298,0.18908694795012052,330816.8388679498,98.01980410902216,82556.41720248586,97.81566019251879,0.48392744282079947
84,PRUNED,33.734520270098294,0.07371021688624511,-0.040533920806916424,1.9914358493237962,-2.6277271246279996,1.810105778716529,2.4067500471463275,0.6620421501621373,,,,,
85,PRUNED,96.01328589590726,0.07114035067829987,1.4244361195586843,3.3610939669382405,0.2132266157393023,5.350122460212039,4.1169416237181125,-0.21818434164727626,,,,,
86,PRUNED,99.70995059414173,0.06376271297598039,2.915177823945356,0.3284007076219517,-0.8820230696932555,3.3049583779873153,2.566625528650461,0.21839230225650208,,,,,
87,PRUNED,95.32906451200772,0.02607395081463373,0.1426460955741813,0.9283448505253825,1.9253480300243802,4.574221012279421,0.7463013884433496,0.5060838464662183,,,,,
88,PRUNED,99.70912325225389,0.09172684365642454,0.7032988965267479,0.04405262552729772,-0.3097452640462459,1.8628523949358673,0.6169465554943223,0.14756706249312623,,,,,
89,PRUNED,95.6709198532442,0.05975473081212576,1.3959213685753842,2.134341291164226,-1.8065512903779855,3.1995731933245315,1.1203357894709858,-0.10786779663088973,,,,,
90,PRUNED,20.69698791333992,0.4120700492445732,1.5165760865664815,2.186595679882693,2.371991579555216,3.6168613624264685,5.67762164584292,-0.9205194751576515,,,,,
91,PRUNED,49.54348159633699,0.016090529763581173,1.4948478599472186,1.7763529358001802,-1.591917601078083,2.7444537356459575,3.7394602553436194,-0.811320940531232,,,,,
92,PRUNED,49.58377408058158,0.1232506085868888,2.0405947323941316,5.061845604892524,-1.2241031729233076,0.8157081963561592,5.657507978234293,0.5700868904203267,,,,,
93,COMPLETE,96.86675197736895,0.01626757328208288,2.634480961887219,0.16891957053408924,-1.2366473434968839,1.32491171902281,0.38341779353686944,0.2942443006093555,329412.51750899426,97.60370889155385,81755.53866889939,96.86675197736895,0.636123567312342
94,PRUNED,54.97085325705137,0.02046151593704112,0.7805304644710771,2.8572401985957425,-0.1767420868429328,2.6620538324089082,0.504522638385484,-0.31129823022244363,,,,,
95,PRUNED,101.20301811029154,0.08757590198037715,2.7612133377275203,2.5947290420374416,-0.2779546961427594,5.924112671185684,2.069853539474398,0.16583606986629973,,,,,
96,COMPLETE,98.14966588221426,0.06143386862613036,2.5657880885686173,0.7739877159113345,-1.0806772964461349,3.349519545542875,0.33878448770596115,-0.013482975125597943,332276.7830695127,98.4523801687445,82838.31800458884,98.14966588221426,1.0145707451067816
97,PRUNED,92.47331320182101,0.15415259146256405,2.5062601780725315,2.158122930425387,-0.031585337256625046,2.9122530247609166,1.5410523496773914,0.40470353050041624,,,,,
98,COMPLETE,97.82617416326084,0.04899448051473404,1.6070672698706283,0.6446763664005591,-1.2618838554585083,3.3069912314968617,1.1202778681812733,0.031839625481684335,330822.731261115,98.02155000329333,82565.29099379215,97.82617416326084,0.9598220906408172
99,COMPLETE,97.09960048718506,0.06410160078903773,1.6645443226974344,0.031010067772188843,2.6992743294451396,2.6087276483126067,2.8559563386374345,0.3912830787265597,331530.7771602054,98.23134138080161,81952.0628111842,97.09960048718506,2.0561803699528642
100,COMPLETE,98.41915289776907,0.09315814005896474,2.6951976415462577,0.9258082104272787,0.39662631406454607,3.1161848091171507,0.9465656673510117,-0.012046417278989072,332394.959618173,98.48739544242163,83065.7650457171,98.41915289776907,0.995222073916951
101,PRUNED,103.93836958803801,0.13830932451359146,1.6117282899417704,1.425058314085458,-2.2190607231573276,4.718388267617419,2.912573464086689,-0.010804454505853128,,,,,
102,COMPLETE,98.72831661598323,0.2147329810557152,2.9648034022265954,0.8424104075295535,0.2636712421062075,2.833489737709705,0.3626062519115041,0.3093134493241017,333219.3042654767,98.73164570828939,83326.69922388985,98.72831661598323,1.0815570613834413
103,COMPLETE,98.63595034572232,0.0974684318827748,2.561528332867024,0.8968092507529033,0.18460214699583205,2.815420144694495,1.4038094565761858,0.15375459200563843,333402.67749237904,98.78597851626046,83248.74209178964,98.63595034572232,1.028383427794709
104,PRUNED,90.28069793857668,0.12532023546254792,2.5316305270038097,1.6019945212339766,1.3391727333972965,5.163197122974073,2.586114519624819,0.9696494971328169,,,,,
105,PRUNED,103.84085212089961,0.32483877562745334,2.8812465992960146,0.148889851645172,-1.095105938616114,3.9045269872419146,0.11803296776493605,-0.014526722166649022,,,,,
106,PRUNED,96.41809097057875,0.6574127602568146,2.1060928814551083,0.3332897425867578,1.2161467229559115,1.953549980900474,0.5022120206185456,0.38997288147112347,,,,,
107,PRUNED,89.61738731207274,0.06822939748752291,2.876132309083837,1.3546486019029758,1.0972566618045332,2.7770450679535608,0.13151243293844217,0.30566247929258444,,,,,
108,COMPLETE,98.54846629537155,0.05477494823463908,1.7991337064940802,1.0104669407805282,0.8012751343146768,3.2327626107773457,1.737975390186557,0.28807962076902677,332683.3078000784,98.57283194076398,83174.90555329359,98.54846629537155,1.230831036825023
109,PRUNED,94.00574759274654,0.08694233555677618,1.7631586713785214,1.7579339983687223,0.998340288902254,2.608342114504351,2.083532364998223,0.11676644033421199,,,,,
110,COMPLETE,98.20717675635493,0.1422386612227444,2.673031780607633,1.183902318384063,0.056612507482157765,2.502809136022962,0.7326703362930085,-0.20169307795458252,332156.0753244316,98.4166149109427,82886.85718236356,98.20717675635493,0.9885816491151967
111,PRUNED,47.41894543364077,0.28401332390320394,2.581691887021722,2.555481692881437,0.006643580274066065,1.7304704172317507,0.8657604777501117,-0.27209642215660096,,,,,
112,PRUNED,99.812291360354,0.12615490495911072,2.310587685601564,0.10297200087409841,1.1234368598053792,4.488920718456035,1.1727865699605993,0.11330992777219889,,,,,
113,COMPLETE,97.29647514665152,0.11933236191388116,2.365390391753751,0.3331842439283479,0.14608425852326573,3.2230142030513638,0.5405115544881136,0.045838138311034185,329424.12985840003,97.60714958767409,82118.22502377388,97.29647514665152,1.0066962304472544
114,PRUNED,96.61299547274142,0.17651553725159022,2.5026190832678847,1.661532774495607,0.6209565523820199,2.5644985152128466,1.1767287910618338,-0.15591184856106083,,,,,
115,PRUNED,52.48570785251131,0.172319588811595,1.2497832377658782,5.925343696075579,-0.4197132056411635,5.015418227685949,1.2431168846116418,0.08191595862047774,,,,,
116,PRUNED,93.9411491769229,0.05661694564287166,1.0436850893486462,1.9395386819439842,1.6948671305923975,4.250933884527668,2.0384479779390565,0.49481044070310504,,,,,
117,PRUNED,96.33741808720845,0.5427805360934902,2.3740318627214148,1.867481225156975,0.5315219688620074,3.7947059763025806,0.5314411827468974,0.5787808908042704,,,,,
118,COMPLETE,97.8646728963774,0.09017893287773343,2.6568703730786387,1.842236695707662,0.183153485857797,3.3826441890279355,0.43800434001583827,-0.4656059405954681,329863.44017745316,97.73731560813427,82597.78392454253,97.8646728963774,0.9147226489438417
119,COMPLETE,96.43895679868196,0.1255348325902288,2.5370053360465783,0.35886590221572556,-0.15308245358244232,3.649447459520489,1.0646581742462096,0.718651251717969,328680.47595891374,97.38680769153,81394.47953808757,96.43895679868196,0.88998710311692
120,PRUNED,100.34260696558184,0.01176285942351218,1.6207014652493708,0.8753245068868256,0.5188220395685552,3.802212811193859,0.996361636925436,0.26840334959159273,,,,,
121,PRUNED,97.38104651676858,0.29492676334403756,1.2374295257466998,0.3124777432825777,-0.22926038966210327,2.8478632375220276,1.9162774735427046,0.4191054287921379,,,,,
122,COMPLETE,98.00860059258036,0.040435168743667635,2.956215390508237,0.7606011442666423,0.32551209929157093,2.8281813372748488,1.6814114861048868,0.13310563754840798,332096.76379108214,98.3990411232836,82719.25890013782,98.00860059258036,1.0433274955059253
123,PRUNED,100.09787924377451,0.019234342292081888,0.6914208310780159,1.8970087489831253,-0.032560369961796946,3.9502100905695756,3.581664719080506,-0.31063981122302164,,,,,
124,COMPLETE,98.8728779332811,0.10893209416559126,2.1034854942226353,0.8264062149747101,-0.8407570851570803,2.0873395495267677,0.9361037457306534,0.18893457417961418,333336.3828142124,98.76633564865553,83448.70897568925,98.8728779332811,0.8411519181273535
125,PRUNED,97.07691692637887,0.17474326016157601,2.790102868981086,1.1757052729369233,-0.5035001318086054,2.282009156276301,1.8888412190257853,0.10868173894866923,,,,,
126,COMPLETE,97.07648890654212,0.188181724503259,2.6847296608315703,0.3864135648169769,-0.9708581600751403,2.3607886926418193,0.5802210557596408,0.3509877717192465,329167.1983596135,97.53102173618177,81932.55663712155,97.07648890654212,0.659240657739779
127,PRUNED,21.305020110370307,2.04213741930299,-2.9335910423064897,1.0580963930962464,1.1116805519631718,5.71938237346173,2.189908893739175,0.4828570573561394,,,,,
128,PRUNED,34.850830778891634,0.07126800219787535,-1.6392312356501584,2.358578450119123,1.313005061291835,0.3768790072832129,2.79890438415093,-0.7398951141458938,,,,,
129,PRUNED,100.33436510024134,0.08621929536335789,1.0004536987015664,0.28423863331532867,-0.15049468301938473,2.6613241854311136,1.8448199049564158,-0.4175687720714172,,,,,
130,PRUNED,14.042769200960194,2.374149877065123,2.9749065554737553,4.670533640261349,1.6811930794836534,0.4098046668582094,0.9517478857588761,-0.8634537538714184,,,,,
131,PRUNED,41.474397634531016,0.025651299284315546,2.5660861543815425,4.048598469545675,-2.0743802735651826,1.1559026297085382,5.270616696223485,-0.4218049366629172,,,,,
132,PRUNED,20.653326488189954,0.43403108942803703,-2.724148377529877,0.15751217385594618,-1.002561921067443,4.605080882633106,1.0695671746611684,-0.1661673089734117,,,,,
133,PRUNED,87.19306083751599,0.09187791154802975,2.0541392943052785,1.2831786197299562,-0.9707317549924315,1.9685030363476463,0.47109564963679834,-0.13038895576556275,,,,,
134,PRUNED,54.30602005331368,0.03494570750183494,0.9038625482212745,2.532696106887685,-2.226191286592348,2.301287365544008,3.6704753972476123,-0.03168751547547388,,,,,
135,COMPLETE,97.38434123171939,0.022434303680262113,2.4939521711571215,2.3114454374982856,-0.32640391337478286,4.3566979784898505,3.5485028917307604,-0.27647219913834004,329024.04762980435,97.48860670512721,82192.38399957116,97.38434123171939,1.0902416077380865
136,COMPLETE,98.00960602404261,0.04605879455163727,1.6413478882932708,0.21926824921300947,1.1254306357385708,2.1123215500759165,1.0817496095688637,0.13105984163089682,332743.05340642715,98.59053434264509,82720.10748429196,98.00960602404261,1.1474987608864566
137,PRUNED,93.2764263181373,0.08861559401765436,1.165096642082338,1.3093866781749042,-1.9536310338730878,0.2586113963623191,1.124697825130704,0.5030592120979775,,,,,
138,PRUNED,23.923728484013903,0.7188547569836746,0.48580913940247694,5.73743308987095,2.9526971058407474,4.882297034593215,4.098543431167371,-0.5915095168759077,,,,,
139,PRUNED,97.76808977160351,0.029405994457214563,1.9788795050389432,1.5849512633703613,0.23529095337496092,3.98678430003125,3.366027693852926,0.29095580941004573,,,,,
140,PRUNED,93.82399681771035,0.0711901023772635,0.520006989386286,0.1797024999922161,1.5397515025686674,0.2347382133927829,2.20966356183639,-0.20828255678908564,,,,,
141,PRUNED,31.453375939206808,0.21296945177648074,-0.08608617191890391,5.392471596583911,1.3836761647215794,1.2081470929104994,5.042737986609815,-0.9463326955190565,,,,,
142,PRUNED,28.167228631543058,1.1295049164993851,-2.700439763465239,3.5611257293104868,-1.1767660211995843,5.033455832651409,3.3112290686360923,0.6655619624492679,,,,,
143,PRUNED,94.8868087235468,0.02537415427095775,0.8992951178714212,0.015404650848741763,0.35958550901822894,4.193804821776671,2.3606158270376416,0.8677244206494429,,,,,
144,PRUNED,95.055250468057,0.6682608214908948,0.42167979614537465,0.24907685100985266,-2.247796056527925,2.291619511483142,0.3852217085957591,-0.14081402735803528,,,,,
145,PRUNED,96.83728785893112,0.028569642467465746,1.9372764297676954,1.061743469523146,-1.3251304338831227,4.141362725874021,0.1967714466745808,0.37685864499660504,,,,,
146,COMPLETE,98.95460195312326,0.4075644540205337,2.944410255278533,1.206212165039223,0.3940276989584415,3.1226182750588745,1.11207175242922,0.16520058512732994,332812.54751079367,98.61112518838331,83517.68404843603,98.95460195312326,1.06509360642431
147,PRUNED,35.333896859462286,0.2855739326279812,-2.4234124097845378,4.920129391378263,1.349412095445641,2.702341637664892,2.6344806274237293,0.7000090078614731,,,,,
148,PRUNED,91.86198023725782,0.035996810806631904,2.8203049397906486,1.6101132541150514,-1.179371561666471,3.176032505637025,0.002473683846400232,-0.2394522907443097,,,,,
149,COMPLETE,97.81188375475138,0.2958434416528757,2.130934842052881,1.697859225351628,0.5760285196973957,3.8624338360591324,0.3437641190522944,0.1649688163996402,329743.76826036774,97.70185726233119,82553.22988901017,97.81188375475138,1.0950267431069163
150,PRUNED,97.18344806944248,0.3127178501017279,2.970484342836654,1.59442757628243,0.07791649336152087,2.846728561112979,0.019664621682446537,0.18697148142078615,,,,,
151,PRUNED,100.08033951029243,0.9220909553570639,2.4570142577854557,1.4648494938531578,1.6384669076937766,4.1835550819089296,1.589357664901522,-0.056964596211109775,,,,,
152,COMPLETE,98.33674195345331,0.34317141635085263,2.9440061165355256,1.4254002745443464,1.2276088855017397,3.5073921730057247,1.9294245965000383,0.16655002785930612,330913.58668772544,98.04847012969643,82996.21020871459,98.33674195345331,1.2044582940806465
153,PRUNED,95.77678666889146,1.6474855406620006,2.213270068349557,1.070962740099835,-0.00730347396602804,2.5436889303097945,2.2137305556812135,0.1835236890815686,,,,,
154,PRUNED,45.424839297423276,0.5284428719476764,-0.8806792097698725,5.410147005500649,-0.7050011773490299,5.9921248257895225,5.5608349778005595,0.3038584395669085,,,,,
155,PRUNED,49.06892291675065,0.014589672314426478,2.0098627814788994,3.1452180080315504,2.3916048060549975,3.9662177818711895,0.4409406705393556,0.4541111635974492,,,,,
156,COMPLETE,98.73227504376291,0.041831609926361445,1.2508122093525542,0.7079180506162367,2.046260426568494,3.2678159373586757,1.1746751999217269,0.34099098068602346,333181.15439663123,98.7203420434463,83330.0401369359,98.73227504376291,1.6977563495945915
157,PRUNED,91.67844934243942,0.053075693277009735,0.07269953128400397,0.8592547131714257,1.7593929629571314,2.989607790829105,1.9994621806477988,-0.060708617497613776,,,,,
158,PRUNED,95.96542794334792,0.037320987539676886,1.3212581789694773,0.6187103546802947,1.0830989120205268,2.122557415493991,2.4566371777893545,0.8802842634710474,,,,,
159,COMPLETE,97.64655348280198,0.445727635131684,2.9147931944391936,1.8869709533134669,-0.054195302449446925,3.5231998154286885,1.8170255613024713,-0.33462975905339115,329479.06518991926,97.62342672293904,82413.69113948487,97.64655348280198,1.0181353610004842
160,PRUNED,97.88782818043644,0.06160957021183526,0.5644266719362562,0.8915054382802678,2.0663031489977066,3.592890430956916,0.21994161014982172,0.33739830185139835,,,,,
161,PRUNED,46.90452075168601,0.3455624620795861,1.1970662389379063,1.7246263554289365,1.6356876158729172,1.4108063494958136,4.199729658448299,0.3977321590524463,,,,,
162,COMPLETE,97.96022017808032,0.08000625726827258,2.7549270762326694,0.5834093698136649,-0.6860869128159142,3.259309472351076,1.0794631738169376,0.04855015528431953,331633.04061493935,98.26164166368574,82678.42583029979,97.96022017808032,0.9666903738442479
163,PRUNED,98.3695734383938,0.03966955713385821,1.5415012537542914,0.9254343210787921,2.6972227805924436,3.6318530805766285,1.8255753505922514,0.3333340698738098,,,,,
164,COMPLETE,99.00170011652463,0.2527630686804319,2.2564627243162727,0.8055199737547509,0.765599939431825,2.444301617896616,1.2955938352683236,0.013870700947767968,332964.999502174,98.6562961487923,83557.4348983468,99.00170011652463,1.0106194078054882
165,PRUNED,82.03612083591551,0.1001860686425393,1.4205893845962791,1.019735285853859,0.3517716275706739,1.2452151668374045,1.4678261869511269,0.24505203975805362,,,,,
166,PRUNED,73.71489303368075,0.4521807332951916,2.5605652549541666,3.1819952876483497,1.0549856484463929,4.161131483715667,2.2637704974072843,0.3461038496400677,,,,,
167,COMPLETE,97.3572329438737,0.4744213439012856,2.7508241401075377,0.23691852314633943,0.7515368740887514,1.989080846043566,1.2488562655600373,0.0701728297331089,330480.4932114905,97.92014613673793,82169.5046046294,97.3572329438737,1.052737469103583
168,PRUNED,95.96136053769372,0.12955369171129116,2.2869765044436976,1.6525486324492407,0.43373562486547523,3.1215633842939567,2.0522738090629704,0.5038784133388494,,,,,
169,PRUNED,96.9472575460551,0.0525913626825104,2.7180998129391507,2.1903290317957946,0.6339263272569117,4.649851429350547,1.9507273816236423,0.5822511203153787,,,,,
170,PRUNED,98.14190623512323,0.06732299645220231,2.1386119738435636,1.7591897321868892,1.4532861488536706,1.21784963739215,1.8074043170878111,-0.5463073171583539,,,,,
171,COMPLETE,98.32467301151411,0.25534541522863696,2.791804063769732,1.0593404004631912,0.718070633181257,3.1897554068975165,1.3961021157148275,-0.13773965381471615,331728.9566630123,98.29006123348512,82986.02402171791,98.32467301151411,0.9010931995710997
172,COMPLETE,97.28027427813119,0.40119973319852165,2.766774815125963,1.3224625442000109,-0.8309554632861829,4.534830091595163,2.530007191804439,0.20941173375186495,330092.3385324209,97.80513734293953,82104.55149074273,97.28027427813119,0.8259881757626563
173,PRUNED,97.33849580850661,0.1558412109989061,2.5498514955946567,1.4574734501582802,0.499109559295223,2.8711684209279644,1.319378721251908,0.173856202826486,,,,,
174,PRUNED,41.832665824966526,0.05952777803725991,2.775950663625195,1.4956198434240862,2.296262485908514,1.5594555508810495,2.110826236301669,0.5676725107752724,,,,,
175,PRUNED,92.27056018893666,0.2540883332981888,1.2075238006038211,1.0539181953946082,-0.11912607583288182,1.4008893349370801,1.7462750063773858,-0.10292302538826553,,,,,
176,PRUNED,90.20777671603415,0.13061846773464986,1.9680113661248084,0.3584685626651738,1.1333404221807046,3.627191148449605,0.9387614014721278,-0.7076894981369284,,,,,
177,PRUNED,27.94070093239532,0.5505119055483108,-2.861390558653869,0.0385556335884516,2.829969727248421,4.138113772481214,4.023005872488533,-0.30961734778853767,,,,,
178,PRUNED,97.00300180789719,0.17661170671791487,2.7090001206895424,1.0501544511856933,1.882173448741151,2.614557125565396,1.393360523190332,0.08161327516550035,,,,,
179,COMPLETE,98.06617310925024,0.2969103439883521,2.52879974615079,0.7095095092706283,0.03127369668112562,3.75363173006976,1.4608667714297447,0.038424899164309224,331114.35536395025,98.10795714487415,82767.8501042072,98.06617310925024,1.0012016886414674
180,PRUNED,98.26258942750833,0.13511911925277553,1.2270570839653705,1.4165370707549676,-1.0624727778186283,1.9736972365575398,3.5094641473182673,0.302952539384833,,,,,
181,PRUNED,100.51979388348002,0.15782510750496836,1.3986190147185273,1.3736966209681767,0.7581955027526899,4.323441261861265,1.8904896424177968,0.01825906528459355,,,,,
182,PRUNED,87.89748650983387,0.07714845903913324,2.745639665904129,0.9398529938477342,-0.41184950208945015,1.7333212172345842,1.4553932132580345,-0.26714454698638446,,,,,
183,COMPLETE,99.04232536930174,0.3975589349371097,2.479759420632932,1.0754618457319196,1.441471726404455,3.2113488360814446,1.0934951313941168,0.16566725187888579,332835.0667929255,98.61779756827423,83591.72261169067,99.04232536930174,1.2388046595745392
184,PRUNED,19.417113196720766,0.024419073442956487,-2.5071705794701753,0.9262842356467811,-1.5873844125648824,4.176879641831843,4.1739829953624366,-0.7171532457466325,,,,,
185,PRUNED,98.09134011314134,0.5041028180071168,1.8743234649407923,1.441082480534971,0.9702167122397154,3.0305289515320646,2.6115381940162954,-0.1131395825229643,,,,,
186,COMPLETE,97.43024668081941,0.6042548511332613,2.949416054090502,0.7211912200651768,2.1494239995654874,2.9490202033954604,0.5349543199652217,-0.10675766696065528,329410.5448785302,97.6031244084534,82231.12819861158,97.43024668081941,0.770532508497148
187,COMPLETE,98.2859756046793,0.2649333554132629,2.5275131731284612,0.813841082717853,1.042665722037224,2.866871203865413,0.12198439855587928,-0.04097186469332255,331290.4152767899,98.1601230449748,82953.36341034932,98.2859756046793,0.9572800411163254
188,PRUNED,64.27091400699616,0.41077763035369147,2.998525604872005,2.7349835294882485,2.524908085914057,3.5631795915123208,1.2548999121229971,0.20019754465696957,,,,,
189,PRUNED,100.58132016752407,0.26125885634682133,2.351237501560996,0.41227748530901537,1.7116215751977788,3.3910530526416256,0.24476695727617687,-0.12751560958375835,,,,,
190,PRUNED,98.34111663657501,0.027903967207671937,2.672804552239521,0.00022250909658227958,2.3747648587378873,5.311752263831252,1.1971366642139378,0.20520095649990253,,,,,
191,PRUNED,97.91530731118758,0.03435846518956072,1.8825480621365789,1.660146645886356,0.6089680142295888,3.7176100999878194,0.2964338288250715,-0.06492157304217717,,,,,
192,PRUNED,28.336545658471533,0.050764055424379166,-1.4067941121217484,0.043908330850075394,0.24500897716243192,5.527336069355611,3.7502890561272975,0.013778110795455108,,,,,
193,PRUNED,103.53244004160322,0.3286883602984992,0.6792470884525477,0.5162505076942366,1.104365995741917,1.7474753495663276,0.06774156759508443,0.04566970780140572,,,,,
194,PRUNED,40.16914837029581,0.017501906904801516,-1.140129967761813,5.483806496550645,-0.01610821400559841,1.9165854356033796,5.696615689910099,0.2842368253314922,,,,,
195,COMPLETE,98.18243341179878,0.23249184388137323,2.941836511229804,1.3632677597491678,1.9642769548022996,3.877568187160795,2.9108071765994774,-0.015323420342083893,331310.6060410542,98.16610549364569,82865.97379955817,98.18243341179878,0.9699005585532958
196,COMPLETE,97.50611174506001,0.1420578443546739,2.6102881660665136,1.9237365982827757,2.1494851527454575,2.6962986841810856,3.4890751762688725,-0.09986396432710566,329588.4991987432,97.65585161444243,82295.15831283065,97.50611174506001,0.7853438913845844
197,PRUNED,45.074679415515575,0.5016391178451628,2.7672598000628064,2.424469986610198,0.6995181678824545,1.7738464670846414,2.132713111664313,0.24600654402466715,,,,,
198,COMPLETE,97.83204008946178,0.6137068230703872,2.8228568402258265,1.114480420121415,0.918777105330305,3.706713138550288,3.0043516512910724,0.014794151832465519,330398.49985030753,97.89585180749853,82570.24183550575,97.83204008946178,1.0135925279964497
199,PRUNED,95.22118822261126,0.29442348812469,2.9775707115533128,0.7775030607330178,0.5443360931132675,2.5618473829705057,0.16355979812716692,0.7580835230979915,,,,,
